{"count":1,"self":75.1769152,"total":75.7227372,"children":{"InitializeActuators":{"count":1,"self":0.0015408,"total":0.0015408,"children":null},"InitializeSensors":{"count":1,"self":0.0010015,"total":0.0010015,"children":null},"AgentSendState":{"count":3009,"self":0.030382899999999997,"total":0.045956899999999995,"children":{"CollectObservations":{"count":602,"self":0.00057969999999999994,"total":0.00057969999999999994,"children":null},"WriteActionMask":{"count":602,"self":0.0023753999999999997,"total":0.0023753999999999997,"children":null},"RequestDecision":{"count":602,"self":0.012618899999999999,"total":0.012618899999999999,"children":null}}},"DecideAction":{"count":3009,"self":0.48237759999999996,"total":0.48237759999999996,"children":null},"AgentAct":{"count":3009,"self":0.013944699999999999,"total":0.013944699999999999,"children":null}},"gauges":{"My Behavior.CumulativeReward":{"count":2,"max":890,"min":729,"runningAverage":809.5,"value":729,"weightedAverage":849.75}},"metadata":{"timer_format_version":"0.1.0","start_time_seconds":"1740702550","unity_version":"2021.3.45f1","command_line_arguments":"D:\\UnityInstalls\\2021.3.45f1\\Editor\\Unity.exe -projectpath D:\\UnityProjects\\BorsodRally -useHub -hubIPC -cloudEnvironment production","communication_protocol_version":"1.5.0","com.unity.ml-agents_version":"2.3.0-exp.3","scene_name":"ML","end_time_seconds":"1740702625"}}