{"count":1,"self":217.0505728,"total":219.10883629999998,"children":{"InitializeActuators":{"count":1,"self":0.0015478999999999998,"total":0.0015478999999999998,"children":null},"InitializeSensors":{"count":1,"self":0.0020423999999999998,"total":0.0020423999999999998,"children":null},"AgentSendState":{"count":10728,"self":0.093211999999999989,"total":0.1509829,"children":{"CollectObservations":{"count":2146,"self":0.027909299999999998,"total":0.027909299999999998,"children":null},"WriteActionMask":{"count":2146,"self":0.0070265,"total":0.0070265,"children":null},"RequestDecision":{"count":2146,"self":0.0228351,"total":0.0228351,"children":null}}},"DecideAction":{"count":10728,"self":1.8548536,"total":1.8548536999999998,"children":null},"AgentAct":{"count":10728,"self":0.0478283,"total":0.0478283,"children":null}},"gauges":{"My Behavior.CumulativeReward":{"count":17,"max":73.7615051,"min":30.5415974,"runningAverage":40.41289,"value":35.2744179,"weightedAverage":39.3246269}},"metadata":{"timer_format_version":"0.1.0","start_time_seconds":"1741657748","unity_version":"2021.3.45f1","command_line_arguments":"D:\\UnityInstalls\\2021.3.45f1\\Editor\\Unity.exe -projectpath D:\\UnityProjects\\BorsodRally_terminator -useHub -hubIPC -cloudEnvironment production","communication_protocol_version":"1.5.0","com.unity.ml-agents_version":"2.3.0-exp.3","scene_name":"ML","end_time_seconds":"1741657967"}}