{"count":1,"self":1250.633728,"total":4886.0978171,"children":{"InitializeActuators":{"count":5,"self":0.00098669999999999986,"total":0.00098669999999999986,"children":null},"InitializeSensors":{"count":5,"self":0.0010025,"total":0.0010025,"children":null},"AgentSendState":{"count":1805134,"self":6.9417408,"total":32.4458996,"children":{"CollectObservations":{"count":1805709,"self":12.1444312,"total":12.1444309,"children":null},"WriteActionMask":{"count":1805134,"self":0.8337009,"total":0.8337009,"children":null},"RequestDecision":{"count":1805134,"self":3.3871236,"total":12.5260274,"children":{"AgentInfo.ToProto":{"count":1805134,"self":3.5076791999999997,"total":9.1389037,"children":{"GenerateSensorData":{"count":1805134,"self":5.6312244,"total":5.6312242999999995,"children":null}}}}}}},"DecideAction":{"count":1804559,"self":3597.8055679999998,"total":3597.8055710999997,"children":null},"AgentAct":{"count":1804559,"self":5.078126,"total":5.0781260999999995,"children":null},"AgentInfo.ToProto":{"count":12032,"self":0.060482299999999996,"total":0.13145389999999998,"children":{"GenerateSensorData":{"count":12032,"self":0.0709716,"total":0.0709716,"children":null}}}},"gauges":{"My Behavior.CumulativeReward":{"count":12032,"max":36958.2227,"min":-3533.09814,"runningAverage":4833.46045,"value":1316.82678,"weightedAverage":2223.34}},"metadata":{"timer_format_version":"0.1.0","start_time_seconds":"1742061138","unity_version":"2021.3.45f1","command_line_arguments":"C:\\Program Files\\Unity\\Hub\\Editor\\2021.3.45f1\\Editor\\Unity.exe -projectpath D:\\UnityProjects\\BorsodRally_terminator -useHub -hubIPC -cloudEnvironment production","communication_protocol_version":"1.5.0","com.unity.ml-agents_version":"2.3.0-exp.3","scene_name":"ML","end_time_seconds":"1742066024"}}