{"count":1,"self":3472.1284096,"total":13134.443338899999,"children":{"InitializeActuators":{"count":5,"self":0.0010031,"total":0.0010031,"children":null},"InitializeSensors":{"count":5,"self":0.0010019999999999999,"total":0.0010019999999999999,"children":null},"AgentSendState":{"count":448734,"self":1.7068751999999998,"total":7.8515498,"children":{"CollectObservations":{"count":448965,"self":2.9089975999999997,"total":2.9089977,"children":null},"WriteActionMask":{"count":448735,"self":0.20005099999999998,"total":0.20005099999999998,"children":null},"RequestDecision":{"count":448735,"self":0.78041969999999994,"total":3.0356259999999997,"children":{"AgentInfo.ToProto":{"count":448735,"self":0.8488823,"total":2.2552062999999998,"children":{"GenerateSensorData":{"count":448735,"self":1.406324,"total":1.406324,"children":null}}}}}}},"DecideAction":{"count":448504,"self":9652.972748799999,"total":9652.9725293,"children":null},"AgentAct":{"count":448504,"self":1.4265995999999999,"total":1.4265995999999999,"children":null},"AgentInfo.ToProto":{"count":4501,"self":0.027275599999999997,"total":0.0614211,"children":{"GenerateSensorData":{"count":4501,"self":0.034145499999999995,"total":0.034145499999999995,"children":null}}}},"gauges":{"My Behavior.CumulativeReward":{"count":4501,"max":25814.291,"min":-6295.68848,"runningAverage":2733.63,"value":6354.34961,"weightedAverage":5808.751}},"metadata":{"timer_format_version":"0.1.0","start_time_seconds":"1742127790","unity_version":"2021.3.45f1","command_line_arguments":"C:\\Program Files\\Unity\\Hub\\Editor\\2021.3.45f1\\Editor\\Unity.exe -projectpath D:\\UnityProjects\\BorsodRally_terminator -useHub -hubIPC -cloudEnvironment production","communication_protocol_version":"1.5.0","com.unity.ml-agents_version":"2.3.0-exp.3","scene_name":"ML","end_time_seconds":"1742140924"}}